settlement_id,settlement_utr,payment_id,type,gross,fee,tax,net,settled_at
setl_NYdWCscmc5F9Hp,AXISP617139656872,pay_EHNJSsavJlPGw7,payment,4799.71,95.99,17.28,4686.44,2024-01-21T20:41:12+05:30
setl_FUjb0QBhoOw6cj,AXISP617139656872,pay_W1uhw3U3x8EE5G,payment,12150.36,36.45,6.56,12107.35,2024-01-21T15:23:23+05:30
setl_XbIwXILft9SGVZ,AXISP840957248611,pay_wtr7blG4hWRnLR,payment,24222.02,72.67,13.08,24136.27,2024-01-04T09:08:20+05:30
setl_VqnJMb3HNspYzC,AXISP840957248611,pay_Qv2WNl7A4dhjku,payment,3260.70,9.78,1.76,3249.16,2024-01-04T19:03:10+05:30
setl_ODH0A2TVwyJmIe,KKBK0574539147811,pay_vi1t9vyVFgohBi,payment,20460.96,61.38,11.05,20388.53,2024-01-01T16:28:48+05:30
setl_IZMLhfx9IwiLyc,KKBK0574539147811,pay_vi1t9vyVFgohBi,refund,-20460.96,0.00,0.00,-20460.96,2024-01-01T08:08:45+05:30
setl_6gbtjQzW52Tdim,KKBK0574539147811,pay_Gj3i5tyM0KFFEI,payment,14118.73,282.37,50.83,13785.53,2024-01-01T13:42:30+05:30
setl_ZqIqgTod4noguD,KKBK0574539147811,pay_7CHHP1QXqE7rs6,payment,22190.10,66.57,11.98,22111.55,2024-01-01T18:49:08+05:30
setl_kCplTXJUk13ZFf,SBIN0535425961877,pay_52Dm7tO4fJHS64,payment,11774.52,35.32,6.36,11732.84,2024-01-24T18:06:11+05:30
setl_BReIdHFJjuGhmK,SBIN0535425961877,pay_6axBquKJqwoPCj,payment,6047.68,18.14,3.27,6026.27,2024-01-24T09:57:32+05:30
setl_h8ZU8CSAxoCjl2,SBIN0535425961877,pay_CFCdCYSyYUJcvd,payment,18834.89,376.70,67.81,18390.38,2024-01-24T20:07:02+05:30
setl_GRzslHon1iCdzz,SBIN0535425961877,pay_63oeKBP2pcBHUW,payment,17734.22,354.68,63.84,17315.70,2024-01-24T16:08:24+05:30
setl_pmO50fSlqPL2lV,SBIN0535425961877,pay_52Dm7tO4fJHS64,chargeback,-11774.52,500.00,90.00,-12364.52,2024-01-24T19:42:35+05:30
setl_ZEOQpY7NEkXkSE,ICICR144982519826,pay_4s4nlTUU4RRyot,payment,450000.00,1350.00,243.00,448407.00,2024-01-09T22:56:34+05:30
setl_e7CpRsZe9ObzxD,ICICR144982519826,pay_97G0eYdaiNejnC,payment,5000.25,100.01,18.00,4882.24,2024-01-09T18:00:44+05:30
setl_UvgoeLMK8uNWBo,ICICR144982519826,pay_kEAWJ1fGcn13Dc,payment,5000.25,100.01,18.00,4882.24,2024-01-09T16:24:27+05:30
setl_qjkrsWw6SEMCia,ICICR144982519826,pay_OfMXSfjSNTtgat,payment,7940.40,158.81,28.59,7753.00,2024-01-09T14:21:53+05:30
setl_AxBLKH51zc8RYK,KKBK0131999541398,pay_Y18it6mt78sREJ,payment,18614.28,55.84,10.05,18548.39,2024-01-08T22:05:06+05:30
setl_SbvgX5TFIuACXN,KKBK0131999541398,pay_wOc8QyU7AaqFGJ,payment,10561.56,211.23,38.02,10312.31,2024-01-08T10:40:42+05:30
setl_xlNQO9IEitBdwa,KKBK0131999541398,pay_T2BAanrRXJXHwm,payment,18275.03,54.83,9.87,18210.33,2024-01-08T10:12:52+05:30
setl_YKvSNkimmdvrHu,HDFCR089040771452,pay_zESBkJXncnrWJV,payment,21349.60,426.99,76.86,20845.75,2024-01-08T19:18:18+05:30
setl_HnAnqZuJJEvQdg,HDFCR089040771452,pay_19Qf7W491h1pSZ,payment,24172.27,72.52,13.05,24086.70,2024-01-08T20:53:29+05:30
setl_wsxY2NPeILkvnU,HDFCR089040771452,pay_1Ba7mQiOj5qOpx,payment,832.88,2.50,0.45,829.93,2024-01-08T22:26:39+05:30
setl_kD9eKan56yrSVA,HDFCR089040771452,pay_fgUKx7tirfILLW,payment,18704.92,374.10,67.34,18263.48,2024-01-08T14:05:40+05:30
setl_q8MEFd1kjV3PhT,KKBK0425723964512,pay_FmYHyNZQeRT0df,payment,3656.31,10.97,1.97,3643.37,2024-01-05T08:02:54+05:30
setl_HXj5bHNQauVxTt,KKBK0425723964512,pay_Dxj51I4TAtzSqe,payment,665.39,2.00,0.36,663.03,2024-01-05T11:33:15+05:30
setl_C0fYsRLn1jS8yd,KKBK0425723964512,pay_d9Sf53GRx8ffiY,payment,17758.35,53.28,9.59,17695.48,2024-01-05T12:16:52+05:30
setl_BjMMOE2DfxzNXp,KKBK0425723964512,pay_zCUpCXiaZ8iZxN,payment,7442.54,22.33,4.02,7416.19,2024-01-05T20:34:50+05:30
setl_Il92EtEfonGa4m,ICICR055070003524,pay_WvJtqbLbYrYDwK,payment,15212.25,45.64,8.22,15158.39,2024-01-24T10:21:45+05:30
setl_ltYLNgEuevtN7Y,ICICR055070003524,pay_0ubK4W017x6ygs,payment,7593.20,151.86,27.33,7414.01,2024-01-24T18:40:46+05:30
setl_du8zI5HOsfyIEd,ICICR055070003524,pay_qpepgaxT82ExHg,payment,14232.35,42.70,7.69,14181.96,2024-01-24T08:27:05+05:30
setl_De3SF3XQMhUk98,ICICR055070003524,pay_MDgmN8DhWD3qNy,payment,12504.29,250.09,45.02,12209.18,2024-01-24T20:12:08+05:30
setl_Rc3uoU53bYsrER,KKBK0195478104447,pay_QmYjKtTYfII1G4,payment,10000.00,80.00,14.40,9905.60,2024-01-04T09:55:14+05:30
setl_Kvk3UQrxkJ71OQ,KKBK0195478104447,pay_UVtTLfB4zEGxdX,payment,5786.53,17.36,3.12,5766.05,2024-01-04T12:41:26+05:30
setl_God1YztibEs4zT,KKBK0195478104447,pay_WVa4OLapXs7NAx,payment,21678.57,65.04,11.71,21601.82,2024-01-04T17:45:36+05:30
setl_9v939i1lfu9tdC,AXISP078115114808,pay_ND6wskOIsDTSI4,payment,9476.58,189.53,34.12,9252.93,2024-01-22T11:48:49+05:30
setl_4zoTiTKkwOc2pH,AXISP078115114808,pay_jWWiAAADaHT63U,payment,7221.83,144.44,26.00,7051.39,2024-01-22T08:38:03+05:30
setl_E6WeS4NC8qdY20,AXISP078115114808,pay_bQzxHDjRNsPPqL,payment,4684.60,93.69,16.86,4574.05,2024-01-22T13:51:43+05:30
setl_E3BdOa1GUSn72G,KKBK0065007244891,pay_Vc0PkwBM2fYly7,payment,5011.24,15.03,2.71,4993.50,2024-01-24T19:44:39+05:30
setl_3IOCvZY0uVLSwC,KKBK0065007244891,pay_TDPNjZ3Ma5FDEk,payment,4144.74,12.43,2.24,4130.07,2024-01-24T09:48:42+05:30
setl_kYgOLt2zLQpyvs,KKBK0065007244891,pay_wNXHxg3EYUzpmh,payment,9450.74,28.35,5.10,9417.29,2024-01-24T20:08:08+05:30
setl_WmHwCMPInOyFXR,KKBK0065007244891,pay_R1S6NmMsvP8O7F,payment,21637.19,64.91,11.68,21560.60,2024-01-29T19:42:03+05:30
setl_0sWIeRG7GWjHzv,KKBK0065007244891,pay_78tIapMW1Z4ROU,payment,16154.73,48.46,8.72,16097.55,2024-01-29T22:13:42+05:30
setl_1AgHR8WO6UjCuf,KKBK0065007244891,pay_s6MDIUOhvoN4pc,payment,14070.20,42.21,7.60,14020.39,2024-01-29T08:11:50+05:30
setl_a2icJyHfnTTn40,KKBK0065007244891,pay_JoqyNAbPHNMUKR,payment,10715.78,214.32,38.58,10462.88,2024-01-29T10:10:11+05:30
setl_BWEgOfrZ3mTMT3,KKBK0703049505800,pay_lX0059CIsegSEu,payment,10750.75,32.25,5.81,10712.69,2024-01-18T21:32:40+05:30
setl_4wDCc8uRGZZqHk,KKBK0703049505800,pay_JVncq3HOjy3K1i,payment,1458.38,29.17,5.25,1423.96,2024-01-18T18:24:23+05:30
setl_Gz8N2TY6nLDDnz,KKBK0703049505800,pay_ZGx4Gv1EDLFike,payment,24799.03,495.98,89.28,24213.77,2024-01-18T10:50:37+05:30
setl_VRgiDo1r2zlRWJ,KKBK0703049505800,pay_FkQ5KexibG4QZL,payment,7778.77,155.58,28.00,7595.19,2024-01-18T09:33:00+05:30
setl_DLfqwLS5yOr7dV,HDFCR495500653263,pay_twjOp1AwrQUzWD,payment,8765.88,175.32,31.56,8559.00,2024-01-03T10:40:31+05:30
setl_FpHXpBxDpvWQ31,HDFCR495500653263,pay_05GmWFRMPwO8fr,payment,18561.82,55.69,10.02,18496.11,2024-01-03T15:07:16+05:30
setl_cDME931E94rnJd,HDFCR495500653263,pay_WnRXzvHRqryUvI,payment,2983.43,8.95,1.61,2972.87,2024-01-03T20:27:30+05:30
setl_kE90GSWsIJyQdY,HDFCR495500653263,pay_v1WChGtaPxgw1l,payment,22831.45,68.49,12.33,22750.63,2024-01-03T15:53:40+05:30
setl_wK7zlbTP6Rekgd,ICICR362370499022,pay_wIYvzvQLJOH8ru,payment,14186.51,42.56,7.66,14136.29,2024-01-19T22:30:35+05:30
setl_jaGVirHQEUsVXL,ICICR362370499022,pay_yVfqjO2tprMiZb,payment,2407.60,7.22,1.30,2399.08,2024-01-19T20:00:35+05:30
setl_WExRbeUjqyHl3p,ICICR362370499022,pay_2BpSOZneMGXMRq,payment,15821.76,47.47,8.54,15765.75,2024-01-19T14:53:00+05:30
setl_u8VdwjHgEtINv3,ICICR883187696082,pay_8p9mTfPmy76jTU,payment,10592.23,31.78,5.72,10554.73,2024-01-14T19:12:01+05:30
setl_GeZi2mEgJZOGRp,ICICR883187696082,pay_i3EBsRllvTrZ4I,payment,15994.77,47.98,8.64,15938.15,2024-01-14T13:14:38+05:30
setl_uj9Bvt9uxVATLI,ICICR883187696082,pay_5O5ZDNwU3YXdMG,payment,3122.66,9.37,1.69,3111.60,2024-01-14T11:24:49+05:30
setl_YfNcYxW5u2A5hV,ICICR883187696082,pay_p7ByT8KG9ssn1b,payment,23228.68,418.12,75.26,22735.30,2024-01-14T19:41:54+05:30
setl_wlvOVkvYXMB5oQ,AXISP911152672624,pay_GtJuRjP98UJfAW,payment,16192.66,48.58,8.74,16135.34,2024-01-02T10:48:46+05:30
setl_ox8gt1GlFC5bpG,AXISP911152672624,pay_d651YaRgBbmHmG,payment,3749.31,11.25,2.03,3736.03,2024-01-02T13:31:25+05:30
setl_98i54tI6ht2TV2,AXISP911152672624,pay_Qws98rdpy9966n,payment,6735.27,20.21,3.64,6711.42,2024-01-02T14:26:19+05:30
setl_13AWLZSy6JHNRc,AXISP911152672624,pay_YNTjlib9MLLKob,payment,18730.95,374.62,67.43,18288.90,2024-01-02T09:28:29+05:30
setl_BwGxXF6xxV4JOj,AXISP042076275400,pay_8cyV7lB2Vrks4Q,payment,21905.96,65.72,11.83,21828.41,2024-01-01T21:09:11+05:30
setl_rORJI7UwcVu3YV,AXISP042076275400,pay_tVBMhimMpC1Ha2,payment,2302.11,6.91,1.24,2293.96,2024-01-01T21:35:04+05:30
setl_vXnNQpesIVhuyJ,AXISP042076275400,pay_h1uznmdJ8GfSLW,payment,12432.29,37.30,6.71,12388.28,2024-01-01T08:53:11+05:30
setl_f2xZsGkxcmfFX4,AXISP042076275400,pay_uP4XODM3HuWzUZ,payment,8287.60,24.86,4.47,8258.27,2024-01-01T10:12:21+05:30
setl_iRrpeMvBiDPgdA,HDFCR585113878822,pay_uVg8G9mcy1htc0,payment,22112.54,66.34,11.94,22034.26,2024-01-03T10:45:38+05:30
setl_gIesCKopjDemRA,HDFCR585113878822,pay_tYSPH8UCiY5DCQ,payment,18849.72,376.99,67.86,18404.87,2024-01-03T14:36:50+05:30
setl_S49KLF00d38aI8,HDFCR585113878822,pay_oPe5JEKCIYk7eg,payment,14502.94,43.51,7.83,14451.60,2024-01-03T09:55:18+05:30
setl_TSq5JccDwJ7eTG,HDFCR585113878822,pay_RytxxHPDlx50j9,payment,1457.98,4.37,0.79,1452.82,2024-01-03T21:48:49+05:30
setl_r1agkKjBYqREX1,AXISP358979217141,pay_3fDT7eNXtdvWDF,payment,21832.43,65.50,11.79,21755.14,2024-01-07T13:05:09+05:30
setl_pKCPoPVGQ9taae,AXISP358979217141,pay_UzxOTkJ0dqYdCD,payment,6615.53,132.31,23.82,6459.40,2024-01-07T14:06:33+05:30
setl_qBE5LlEiVnN4Sg,AXISP358979217141,pay_vSpcMdK3nLh7fL,payment,4508.18,90.16,16.23,4401.79,2024-01-07T09:04:36+05:30
setl_xlR3NwfNTilSKE,AXISP358979217141,pay_bEOacyjuyaRVDz,payment,10660.77,213.22,38.38,10409.17,2024-01-07T09:50:34+05:30
setl_Y8Qu8JiZXVKuhi,ICICR746721730419,pay_Y7bvuSznOG61HT,payment,22545.06,405.81,73.05,22066.20,2024-01-08T14:10:44+05:30
setl_9FCMmdgj04Ej5d,ICICR746721730419,pay_B5cg0LWaEalfO2,payment,15665.87,313.32,56.40,15296.15,2024-01-08T13:18:13+05:30
setl_di0Ckv2LWNLk81,ICICR746721730419,pay_M3CgdHjbFeoBJz,payment,18381.45,55.14,9.93,18316.38,2024-01-08T09:26:54+05:30
setl_bCV2zWwCN1e3uc,ICICR746721730419,pay_9KZrTTpuJ3KjJa,payment,22034.56,66.10,11.90,21956.56,2024-01-08T14:48:17+05:30
setl_MX6Y6e3Ce3r7gr,ICICR372013892639,pay_u5F4wdxCcwORIV,payment,3545.66,70.91,12.76,3461.99,2024-01-17T19:09:31+05:30
setl_80QPjocthqlIct,ICICR372013892639,pay_GMs8HivBNsd2o6,payment,6462.34,129.25,23.27,6309.82,2024-01-17T13:09:23+05:30
setl_mf0P78yELFdPyS,ICICR372013892639,pay_ks5zEjCtaT8uRD,payment,18958.47,56.88,10.24,18891.35,2024-01-17T14:23:24+05:30
setl_sICbaq7ZDO3zEQ,ICICR372013892639,pay_vtBIn3TzBkT3Tz,payment,15787.67,47.36,8.52,15731.79,2024-01-17T11:01:07+05:30
setl_ZaGxEv4gjnl3MZ,KKBK0308259053749,pay_wDBpQ8YxTbqKjC,payment,2948.64,58.97,10.61,2879.06,2024-01-20T16:54:34+05:30
setl_UW5m3lvf066vjF,KKBK0308259053749,pay_Xz4hibvQiB9G8k,payment,23265.34,465.31,83.76,22716.27,2024-01-20T19:39:15+05:30
setl_oz9A13X6waPPyG,KKBK0308259053749,pay_gJanlr3H8gnFRw,payment,21327.42,426.55,76.78,20824.09,2024-01-20T18:05:07+05:30
setl_sMVOGECsEFHYHb,KKBK0308259053749,pay_R8T3kwmm0zoAEV,payment,6163.27,18.49,3.33,6141.45,2024-01-20T20:02:27+05:30
setl_vOpOK4esubuC1J,AXISP352709577630,pay_0BckOW2kAtyVJE,payment,150.00,0.45,0.08,149.47,2024-01-01T22:26:17+05:30
setl_sPtzpFPH2MGlEO,AXISP352709577630,pay_K9xyJYgPuFVvMw,adjustment,26433.32,0.00,0.00,26433.32,2024-01-01T21:47:29+05:30
setl_cSWd3tsd73P2y0,ICICR661956365163,pay_MVAJMGwjjQsAtZ,payment,150.00,0.45,0.08,149.47,2024-01-01T21:08:15+05:30
setl_TXd4PpxNR3QHoB,ICICR661956365163,pay_FhPJWGEfLVtZTX,adjustment,36361.18,0.00,0.00,36361.18,2024-01-01T08:58:25+05:30
setl_pSVOiKz6B2ikKu,HDFCR635024564424,pay_Zon34N2Vzc1Z6D,payment,150.00,0.45,0.08,149.47,2024-01-01T12:12:05+05:30
setl_llXb8oBpKOfD28,HDFCR635024564424,pay_yxZJbbILofCq0d,adjustment,54741.26,0.00,0.00,54741.26,2024-01-01T14:43:13+05:30
setl_MVqt3t9Vj0OXdj,HDFCR626609238109,pay_LeId5DvLPXRYaF,payment,150.00,0.45,0.08,149.47,2024-01-04T11:11:02+05:30
setl_CRDMqOucMC694X,HDFCR626609238109,pay_RB95cwREE01hf1,adjustment,32466.86,0.00,0.00,32466.86,2024-01-04T10:13:55+05:30
setl_CnQjENGsB4Djh3,KKBK0804616426077,pay_XUHLfpoVybmyyO,payment,150.00,0.45,0.08,149.47,2024-01-05T21:15:33+05:30
setl_CzOUTsYMQ7PXfi,KKBK0804616426077,pay_cecgAfOJppfFhP,adjustment,55529.26,0.00,0.00,55529.26,2024-01-05T11:07:52+05:30
setl_1odbJIqO3hMOBB,AXISP728645911455,pay_1mOOBMWlsCDbkj,payment,150.00,2.70,0.49,146.81,2024-01-14T10:18:46+05:30
setl_dAMhnpvwc2qjQF,AXISP728645911455,pay_BFKQ50SD2Syz6O,adjustment,28516.35,0.00,0.00,28516.35,2024-01-14T18:06:45+05:30
setl_oXzzC0XwbjaX6f,ICICR986758587422,pay_7U8WL1gIFkhmwT,payment,150.00,3.00,0.54,146.46,2024-01-18T13:25:49+05:30
setl_9rfIGUjbXKoVT9,ICICR986758587422,pay_yc5jJ88X28z2R2,adjustment,46272.96,0.00,0.00,46272.96,2024-01-18T09:46:03+05:30
setl_yIW2KN9Q6TzkFE,ICICR756202235126,pay_MvcOhsTC8X9J3M,payment,2000.00,6.00,1.08,1992.92,2024-01-14T15:08:45+05:30
setl_NVPjTfMMy3vcPB,HDFCR045424956873,pay_nDU6w7LzhJcjx9,payment,2005.00,6.02,1.08,1997.90,2024-01-14T12:41:05+05:30
setl_ipftzkMubdytzu,AXISP923885778424,pay_bNVtNNf7HU7GUF,payment,6000.00,18.00,3.24,5978.76,2024-01-15T14:52:57+05:30
setl_kd5qpQ90n0rkHe,SBIN0364141603506,pay_mUKEUxhdCzEzo2,payment,6005.00,18.02,3.24,5983.74,2024-01-15T09:25:44+05:30
setl_ZwkVRaC6Bnbr5w,HDFCR812343829484,pay_S92nFX26N8RqPt,payment,10000.00,30.00,5.40,9964.60,2024-01-09T09:52:39+05:30
setl_6A9qQCwV2nrABa,KKBK0092090028624,pay_n87cERLa9NgrFk,payment,10005.00,30.02,5.40,9969.58,2024-01-09T11:21:05+05:30
setl_eQIsxfUoLOaxX2,AXISP526716718910,pay_nQ74mudMbAbX50,payment,18000.00,54.00,9.72,17936.28,2024-01-28T17:06:21+05:30
setl_4WvPR8LuJ7MzkC,ICICR593915826368,pay_GKgaSK04hFwDMl,payment,18005.00,54.02,9.72,17941.26,2024-01-28T20:58:02+05:30
setl_oYO68922ei5Xlx,KKBK0734353881968,pay_QCnDVYYxyZaawI,payment,305.06,6.10,1.10,297.86,2024-01-25T13:20:38+05:30
setl_nAxj0pfUsGocFu,KKBK0734353881968,pay_pcMlHWudX2082m,payment,18166.22,326.99,58.86,17780.37,2024-01-25T15:29:27+05:30
setl_61oSnoKIDYvf0A,HDFCR479285447288,pay_xloOwf0FNW5gec,payment,21018.46,63.06,11.35,20944.05,2024-01-26T19:26:13+05:30
setl_ZLbm4xmsGCwau4,HDFCR479285447288,pay_IxJh6aYZvzQzWH,payment,18549.60,55.65,10.02,18483.93,2024-01-26T14:10:07+05:30
setl_AxORfRc2j2HPeT,HDFCR479285447288,pay_De71imARDL6KFQ,payment,5566.42,16.70,3.01,5546.71,2024-01-26T22:13:58+05:30
setl_jwncPnRZYNS3yt,AXISP247563434322,pay_wUFWzkmcbNPCvy,payment,23337.11,70.01,12.60,23254.50,2024-01-06T08:38:00+05:30
setl_zVE9SX5JpfuNy5,AXISP247563434322,pay_V5xofA9ulPn2XZ,payment,2191.14,43.82,7.89,2139.43,2024-01-06T20:44:08+05:30
setl_b0upH4PpQSLxtB,AXISP247563434322,pay_VQ8Peb4BFTFRab,payment,14077.04,42.23,7.60,14027.21,2024-01-06T08:04:55+05:30
setl_xsrIDuSm4a1Txz,KKBK0720907476647,pay_96hkIXmFACkmAL,payment,8222.58,24.67,4.44,8193.47,2024-01-23T14:25:47+05:30
setl_R8e42kAQFH2KTU,KKBK0720907476647,pay_t9e29h5kV7VUvR,payment,15800.83,47.40,8.53,15744.90,2024-01-23T22:46:55+05:30
setl_oEVaq7PWcnXxG7,AXISP242635395343,pay_viU5yt9YaeRGOT,payment,24167.07,483.34,87.00,23596.73,2024-01-14T12:59:31+05:30
setl_TXv66DORgxLS12,AXISP242635395343,pay_LuQvtowyL82Xa1,payment,19998.77,399.98,72.00,19526.79,2024-01-14T20:54:45+05:30
setl_OW7BoqsgvKl6Jh,HDFCR111571247952,pay_sPI2kBhPonUOfA,payment,21034.49,420.69,75.72,20538.08,2024-01-11T13:24:36+05:30
setl_nTYRd1lEy9O09H,HDFCR111571247952,pay_KlyAVX5hPKga0t,payment,220.40,0.66,0.12,219.62,2024-01-11T13:27:43+05:30
setl_AjSphysKkUW9Pf,AXISP823371002967,pay_GrRm1yiUJX0RCk,payment,16564.94,49.69,8.94,16506.31,2024-01-09T15:55:52+05:30
setl_1RaBtcJOfpUfhs,AXISP823371002967,pay_OwhfEPFbJJqUXl,payment,16176.47,48.53,8.74,16119.20,2024-01-09T16:10:27+05:30
setl_RlxOYLAj9AbLeh,AXISP823371002967,pay_c64sHiEt49LFQP,payment,153.58,0.46,0.08,153.04,2024-01-09T09:43:35+05:30
setl_Jq4NwWQzCBvDr7,AXISP854410948406,pay_wuq1nax8xg5kTt,payment,13964.25,279.29,50.27,13634.69,2024-01-05T16:45:56+05:30
setl_Bk5V4kwivdEk8u,AXISP854410948406,pay_16ztfeT6kdUIE2,payment,9745.06,29.24,5.26,9710.56,2024-01-05T18:15:53+05:30
setl_0kvAw1mlcyU3jm,AXISP189025456739,pay_qaNy557F3530da,payment,12698.43,38.10,6.86,12653.47,2024-01-07T15:42:17+05:30
setl_TLl1Mjhyqljbm1,AXISP189025456739,pay_IXSuV2F50yggbj,payment,5132.51,15.40,2.77,5114.34,2024-01-07T14:26:33+05:30
setl_iUhK4OlR5eHvS9,AXISP189025456739,pay_8nAdAdgw6Sp3la,payment,13003.27,260.07,46.81,12696.39,2024-01-07T11:34:46+05:30
setl_5FFSq0sqhnHsN6,ICICR893667922611,pay_Ip20483BS4ez5F,payment,5511.66,16.53,2.98,5492.15,2024-01-25T12:59:08+05:30
setl_1yBTAjDECYkJ6l,ICICR893667922611,pay_d89nhON8u62qi3,payment,11492.85,229.86,41.37,11221.62,2024-01-25T12:01:19+05:30
setl_hZgsFZi4bAjOo2,AXISP146402280227,pay_liACNySiUagxga,payment,16683.83,333.68,60.06,16290.09,2024-01-11T14:43:56+05:30
setl_TiuhVvED8LNi65,AXISP146402280227,pay_9n7reuw5fcjAul,payment,4864.76,14.59,2.63,4847.54,2024-01-11T14:26:35+05:30
setl_eZ1bweeJYjlUUR,KKBK0694569801375,pay_HofSGWYnfwm0wD,payment,22537.96,67.61,12.17,22458.18,2024-01-04T12:30:26+05:30
setl_mgeL0brHeLUtIN,KKBK0694569801375,pay_NagdNLkjyA6CSp,payment,14298.93,42.90,7.72,14248.31,2024-01-04T08:15:17+05:30
setl_9LGVBisM6cSQo9,KKBK0694569801375,pay_JIWct6awrymUS8,payment,3716.80,66.90,12.04,3637.86,2024-01-04T17:04:09+05:30
setl_29c8dXRIjgxJ0n,KKBK0694569801375,pay_EXi1H8Wfft5krw,payment,23927.54,478.55,86.14,23362.85,2024-01-04T21:29:42+05:30
setl_S2GPqZf3vUkvzD,ICICR443425458760,pay_HYglg7yAydvLnT,payment,19690.32,59.07,10.63,19620.62,2024-01-03T19:50:10+05:30
setl_Q7wwstYhE9zvZA,ICICR443425458760,pay_QyaWLePMu96UTt,payment,18470.04,55.41,9.97,18404.66,2024-01-03T20:21:07+05:30
setl_Taxnr2qZXzo3za,ICICR443425458760,pay_xIkBrOQNR64gfZ,payment,7524.16,22.57,4.06,7497.53,2024-01-03T10:50:23+05:30
setl_NWlOnm0TYxqdfi,HDFCR985996207469,pay_9o8lNZXJhN8k4G,payment,7297.54,131.36,23.64,7142.54,2024-01-13T08:40:37+05:30
setl_nw3bifQhqmfROC,HDFCR985996207469,pay_5hiqle04mgXzEM,payment,4487.71,13.46,2.42,4471.83,2024-01-13T20:31:27+05:30
setl_eOxWhtauCX3IxL,HDFCR985996207469,pay_5pm0S7gXKkmSAB,payment,21652.37,389.74,70.15,21192.48,2024-01-13T16:13:06+05:30
setl_RC07hxMbcaguQB,HDFCR948944311446,pay_OQAYmdEcrhCLKo,payment,3288.35,65.77,11.84,3210.74,2024-01-04T10:05:12+05:30
setl_me8danYlgmKG1V,HDFCR948944311446,pay_HaQd2ccsqQXxR5,payment,15621.92,312.44,56.24,15253.24,2024-01-04T12:45:29+05:30
setl_KGEAQO7ndcqego,HDFCR948944311446,pay_gi4xCMmyeAQ6Jg,payment,6609.18,132.18,23.79,6453.21,2024-01-04T17:44:45+05:30
setl_QsoFUWgXuEvHPp,HDFCR948944311446,pay_gT2qmWvrKTfFRD,payment,17118.45,51.36,9.24,17057.85,2024-01-04T15:00:52+05:30
setl_ZhXJXvga5jQGrI,SBIN0854339459654,pay_W13KgQTb81OiEp,payment,14148.02,282.96,50.93,13814.13,2024-01-12T10:19:31+05:30
setl_Vpzmss5ClWZfGR,SBIN0854339459654,pay_sCnZhEavZdi2WF,payment,12240.49,36.72,6.61,12197.16,2024-01-12T16:59:43+05:30
setl_GI7i3NjMS6XMme,SBIN0854339459654,pay_AAzbI7AUMspFhH,payment,15147.11,45.44,8.18,15093.49,2024-01-12T10:38:56+05:30
setl_sN3Mc47DSr8w1F,HDFCR564402128406,pay_gbFy5sDlo0qLBO,payment,4212.75,12.64,2.28,4197.83,2024-01-28T13:57:45+05:30
setl_g2Tx85dpcUBxNb,HDFCR564402128406,pay_dOvSvSWrVsy4Nx,payment,22172.43,66.52,11.97,22093.94,2024-01-28T10:20:06+05:30
setl_hGgEdHbYrZyw2j,HDFCR564402128406,pay_9JmpBrmkYYlKNP,payment,19003.80,57.01,10.26,18936.53,2024-01-28T12:04:34+05:30
setl_nvDW2o5bWmLxQb,HDFCR564402128406,pay_GLtMH3K69OcAm3,payment,24282.17,72.85,13.11,24196.21,2024-01-28T15:03:24+05:30
setl_1BswI1p3tHgvz6,HDFCR730428196192,pay_AiB38wmBdoKoU3,payment,5402.83,16.21,2.92,5383.70,2024-01-12T15:17:05+05:30
setl_KUvZAATTdgySQ1,HDFCR730428196192,pay_0GsIhSWcoBV7bZ,payment,8687.71,173.75,31.28,8482.68,2024-01-12T16:29:27+05:30
setl_BpWqEok2OoOlFB,HDFCR730428196192,pay_Vq7C9o4rQr9VsJ,payment,24166.69,483.33,87.00,23596.36,2024-01-12T13:02:35+05:30
setl_WS6xKOjVO779J9,HDFCR730428196192,pay_SqpQ1vSLveBFou,payment,9711.01,29.13,5.24,9676.64,2024-01-12T18:35:46+05:30
setl_zFjE2mlCkzVSDg,ICICR444411571078,pay_GdDGBqZsppVwCU,payment,5235.27,104.71,18.85,5111.71,2024-01-20T21:02:53+05:30
setl_K6gsvI3J0Autli,ICICR444411571078,pay_keFGyAhRosuZuL,payment,18245.06,54.74,9.85,18180.47,2024-01-20T21:47:56+05:30
setl_EfirP8XUnejuCT,ICICR444411571078,pay_r2tvkrEnk6qLgo,payment,8986.58,26.96,4.85,8954.77,2024-01-20T18:49:04+05:30
setl_sosEXywDfg2Ur8,ICICR444411571078,pay_cgRGlIZM6MpK2n,payment,13354.08,267.08,48.07,13038.93,2024-01-20T13:15:42+05:30
setl_bxWuvVddnH9ZyS,ICICR958225941535,pay_thRRVDXEzosF3W,payment,7540.13,22.62,4.07,7513.44,2024-01-09T12:51:10+05:30
setl_sCg8JxAnzrrRFx,ICICR958225941535,pay_nT6cb6gyEjsoVp,payment,15831.66,47.49,8.55,15775.62,2024-01-09T15:46:25+05:30
setl_F19fgRxUkUkB8c,KKBK0398923843493,pay_JbVBDgtiNfIm6K,payment,4692.61,14.08,2.53,4676.00,2024-01-26T14:31:10+05:30
setl_MKeN2valr4ATwV,KKBK0398923843493,pay_UHysAs5PGMxOiG,payment,22152.86,66.46,11.96,22074.44,2024-01-26T22:16:35+05:30
setl_DtGG2076ZS0IEW,KKBK0398923843493,pay_mKgnlIhGNxJ0L7,payment,22841.89,456.84,82.23,22302.82,2024-01-26T18:07:35+05:30
setl_2UYcb3jT1iA0dN,KKBK0398923843493,pay_l11VvAM25lx59m,payment,18412.56,368.25,66.29,17978.02,2024-01-26T08:20:06+05:30
setl_VWnxfSpZN3lUid,HDFCR405588454746,pay_P33k9SwaPzPdlV,payment,849.37,2.55,0.46,846.36,2024-01-02T19:18:11+05:30
setl_CuIO3tgw3jDu3l,HDFCR405588454746,pay_tol2ksRqEJvNBN,payment,11850.57,35.55,6.40,11808.62,2024-01-02T13:19:10+05:30
setl_kaj2seomfpQ0xD,HDFCR072630365968,pay_BMKRTDpSLDyc5o,payment,7958.14,159.16,28.65,7770.33,2024-01-24T13:06:30+05:30
setl_tPDq7lyGgXvTOz,HDFCR072630365968,pay_R4PZRVfhViV3YT,payment,23211.50,464.23,83.56,22663.71,2024-01-24T20:00:10+05:30
setl_pusYHlwbuNKwcT,HDFCR072630365968,pay_FQaOPAdAUhY4FW,payment,13530.91,40.59,7.31,13483.01,2024-01-24T11:11:05+05:30
setl_RdJn5rQlFcylra,HDFCR072630365968,pay_TNAr8QpZZTGCex,payment,22588.90,67.77,12.20,22508.93,2024-01-24T11:01:50+05:30
setl_bMkvA9b8IEo5iL,SBIN0800699740684,pay_CWNgnRnLTLCAKH,payment,5592.82,16.78,3.02,5573.02,2024-01-15T21:07:06+05:30
setl_bnLFeJzbLkMQ7b,SBIN0800699740684,pay_9JljWTyzUzLtwg,payment,16748.94,50.25,9.05,16689.64,2024-01-15T17:56:50+05:30
setl_L9SBZdYZScy5NB,SBIN0800699740684,pay_10kw2k65us3mCp,payment,16480.07,329.60,59.33,16091.14,2024-01-15T20:07:06+05:30
setl_jsxNbnsKqSU9zM,SBIN0800699740684,pay_UJXSwOipDquRCR,payment,6273.00,125.46,22.58,6124.96,2024-01-15T10:22:41+05:30
setl_ppTQOpQCcLIflZ,ICICR907231557108,pay_x1EkGk3a6vtnrW,payment,21167.45,63.50,11.43,21092.52,2024-01-18T09:57:57+05:30
setl_QFMgUla3FElVPf,ICICR907231557108,pay_doKKCHWtNmhfmH,payment,5709.50,17.13,3.08,5689.29,2024-01-18T21:28:21+05:30
setl_8vX8VbRmSsxtXu,ICICR907231557108,pay_mgotsVDQ5nPuly,payment,22740.10,454.80,81.86,22203.44,2024-01-18T16:47:12+05:30
setl_sbVeWSt04B2lDC,ICICR907231557108,pay_BqejS6K76Wy7Rp,payment,9166.90,183.34,33.00,8950.56,2024-01-18T13:12:43+05:30
setl_vGQYAbJaZbnAqn,KKBK0645264684250,pay_NAXXZd9xJ972uH,payment,1120.49,3.36,0.60,1116.53,2024-01-04T18:49:20+05:30
setl_VKh8FJGkm6Tw9z,KKBK0645264684250,pay_PVJv21jVmlbL0W,payment,22478.97,67.44,12.14,22399.39,2024-01-04T11:05:51+05:30
setl_GjYPw5Wbmzx0Mb,KKBK0645264684250,pay_pgCaXy1v6ZA0s9,payment,21411.35,64.23,11.56,21335.56,2024-01-04T08:21:01+05:30
setl_ppTsSCKG9q3uxj,ICICR929643981332,pay_cxLGja3f9gD81H,payment,6204.09,124.08,22.33,6057.68,2024-01-30T19:59:54+05:30
setl_hoCgIs2tB9f1Fy,ICICR929643981332,pay_XNX8aNZoyaD1l1,payment,1585.51,31.71,5.71,1548.09,2024-01-30T22:32:12+05:30
setl_M7dziYVY6pWOyl,ICICR083087997897,pay_mUGWIGcHHR9kjQ,payment,9455.36,189.11,34.04,9232.21,2024-01-13T21:22:04+05:30
setl_T71o0ERAdgV0T4,ICICR083087997897,pay_r3hT6jBPVahtgM,payment,9641.92,173.55,31.24,9437.13,2024-01-13T18:32:21+05:30
setl_MWPbJb6g5XT0pY,ICICR083087997897,pay_pwaSEKnAq9ZELJ,payment,17751.20,355.02,63.90,17332.28,2024-01-13T13:22:15+05:30
setl_FNsIlMefS4P0jv,ICICR083087997897,pay_cC9qXmVHtyvY01,payment,11752.80,35.26,6.35,11711.19,2024-01-13T13:25:08+05:30
setl_w7i19pHh8WFDtY,HDFCR636667686963,pay_8unZpj9bnRn2BY,payment,12477.57,249.55,44.92,12183.10,2024-01-03T17:14:46+05:30
setl_8K18dUKWedzjm8,HDFCR636667686963,pay_NI9CJdMEB7kIId,payment,14760.55,295.21,53.14,14412.20,2024-01-03T20:48:11+05:30
setl_Mlnv24LJ3R2ljY,SBIN0031934278352,pay_ufzRQXxD0ltkAp,payment,20910.75,418.22,75.28,20417.25,2024-01-18T08:39:02+05:30
setl_JGyHmtBm6AAfbg,SBIN0031934278352,pay_Xh55gQKkgljMuC,payment,22698.15,453.96,81.71,22162.48,2024-01-18T16:30:39+05:30
setl_hs4O4ukyo4yjLM,HDFCR284873191987,pay_VVRGc6tK3HNTHc,payment,21021.46,378.39,68.11,20574.96,2024-01-10T12:56:59+05:30
setl_mf0mGcDgcyfReB,HDFCR284873191987,pay_S3t6O4zaZx0lWp,payment,17885.22,357.70,64.39,17463.13,2024-01-10T13:28:47+05:30
setl_3QaadyJ1VcHbZD,HDFCR284873191987,pay_VPF8VScaj1pkC3,payment,6137.73,18.41,3.31,6116.01,2024-01-10T17:41:24+05:30
setl_pSJ6TWwC1XxtyD,SBIN0983705466589,pay_UQLv9C5jHwiNk7,payment,16372.18,49.12,8.84,16314.22,2024-01-27T16:41:28+05:30
setl_t3mjn0w4KZDRrg,SBIN0983705466589,pay_71zmu3O6A6bmJk,payment,12746.34,254.93,45.89,12445.52,2024-01-27T16:10:57+05:30
setl_mNsXWv8EMK9wpF,SBIN0983705466589,pay_h4zIMRr0ph64gc,payment,6526.05,19.58,3.52,6502.95,2024-01-27T16:57:58+05:30
setl_tFhYXgexjXW1aa,SBIN0983705466589,pay_4dotBAcUVCeIi8,payment,1133.32,3.40,0.61,1129.31,2024-01-27T20:21:55+05:30
setl_l0UoyZszNnpvoa,AXISP646936664761,pay_2C2WghRmUff6aX,payment,24592.51,491.85,88.53,24012.13,2024-01-21T22:43:16+05:30
setl_CjTx62Wx1jwAY4,AXISP646936664761,pay_edvTMYeVSaUfK4,payment,11954.83,239.10,43.04,11672.69,2024-01-21T10:37:11+05:30
setl_Dbwp6Q43N3DrvX,AXISP934081467947,pay_jubys7IoESA6j8,payment,837.41,2.51,0.45,834.45,2024-01-20T19:12:57+05:30
setl_ZO7LhTTmXrXAYa,AXISP934081467947,pay_WJ4RLYpI3t2xjt,payment,5482.33,98.68,17.76,5365.89,2024-01-20T12:13:09+05:30
setl_5igkSfwwfveydz,HDFCR868692624239,pay_VeC4jMIKVgqrRC,payment,1358.85,27.18,4.89,1326.78,2024-01-29T20:25:44+05:30
setl_H4UrIFjmLuuqhr,HDFCR868692624239,pay_fmjV1odQbNRDcV,payment,6650.50,19.95,3.59,6626.96,2024-01-29T08:28:38+05:30
setl_daraBT7gwO8Txr,ICICR593311846650,pay_yg5mVTsQnKsCOo,payment,7902.41,23.71,4.27,7874.43,2024-01-28T18:01:19+05:30
setl_bq2oBaO2ZA7Eo0,ICICR593311846650,pay_sq53Xm5UQb5Daf,payment,1617.70,32.35,5.82,1579.53,2024-01-28T08:18:23+05:30
setl_XZyZ29HGJpI6TQ,ICICR215072283190,pay_DkOxIjTvkyCvsY,payment,15555.55,46.67,8.40,15500.48,2024-01-12T20:21:31+05:30
setl_PaLvxsM5NKQ8Ev,ICICR215072283190,pay_Zx6GYnvzUgNCZ3,payment,5054.03,15.16,2.73,5036.14,2024-01-12T12:44:30+05:30
setl_OdKRE3skrugjZm,ICICR215072283190,pay_VAK26Q9x7Vfpfp,payment,16245.86,324.92,58.49,15862.45,2024-01-12T15:15:00+05:30
setl_bflmOHID8OKhcm,ICICR215072283190,pay_Y4VclvQ0oBR4gi,payment,16394.69,327.89,59.02,16007.78,2024-01-12T12:08:47+05:30
setl_TxBZn4D6Fz2NoG,HDFCR957181375021,pay_WgPKa2i51XlDDg,payment,15746.87,47.24,8.50,15691.13,2024-01-19T15:49:04+05:30
setl_4JvsZGzqAOV3iV,HDFCR957181375021,pay_zIRWVcrrO9vZL4,payment,18300.49,366.01,65.88,17868.60,2024-01-19T12:12:43+05:30
setl_BtihV9cegHhfUA,SBIN0574751590785,pay_mCGhSspLNu3Yxy,payment,22915.67,458.31,82.50,22374.86,2024-01-07T08:57:42+05:30
setl_ngfSBTxMxHq2EW,SBIN0574751590785,pay_g8SronLU5vobKV,payment,23913.55,71.74,12.91,23828.90,2024-01-07T16:21:20+05:30
setl_GGmcxcoRjMIpGp,SBIN0574751590785,pay_MZLxRLRxWmtzps,payment,1018.88,3.06,0.55,1015.27,2024-01-07T10:18:09+05:30
setl_kD0oLwWCCSSkLc,SBIN0574751590785,pay_4otGofdOW76kH6,payment,18432.70,55.30,9.95,18367.45,2024-01-07T14:08:00+05:30
setl_34pySxmi7pjNgx,SBIN0609841748311,pay_QyHzG76vLSUUGz,payment,22333.38,446.67,80.40,21806.31,2024-01-23T13:29:58+05:30
setl_5xOBSqi4fxycs7,SBIN0609841748311,pay_2esYIc80eutFag,payment,16363.36,327.27,58.91,15977.18,2024-01-23T11:26:36+05:30
setl_DuFESz7s1gjnW2,SBIN0609841748311,pay_ZjHp4ae1qDeD85,payment,8272.86,24.82,4.47,8243.57,2024-01-23T11:29:57+05:30
setl_8YO9ali8wQZwJc,KKBK0653954607867,pay_zyJspM6PW5dzAz,payment,22891.90,68.68,12.36,22810.86,2024-01-03T22:19:21+05:30
setl_CRcd2j9hSrutoD,KKBK0653954607867,pay_K9MYlky9gKMGZr,payment,4343.10,13.03,2.35,4327.72,2024-01-03T14:07:59+05:30
setl_SXxaDZFnuOTFG3,HDFCR484837332964,pay_Owyvd0XyYC7W1B,payment,8948.47,178.97,32.21,8737.29,2024-01-02T17:39:59+05:30
setl_36b1TVWVPEJHIW,HDFCR484837332964,pay_6XCSHHUcuzMXD2,payment,8398.56,25.20,4.54,8368.82,2024-01-02T21:15:59+05:30
setl_FDMWwfkYHpb4XX,HDFCR484837332964,pay_uHmQeO6biUqOPz,payment,16466.95,329.34,59.28,16078.33,2024-01-02T09:04:10+05:30
setl_CifGVKDIIVhYWN,HDFCR484837332964,pay_GQm9UvvyUgFYnl,payment,6265.83,18.80,3.38,6243.65,2024-01-02T11:19:34+05:30
setl_51H4Ogz5t2fuTi,AXISP800785553136,pay_ds7iqxjvzeGets,payment,1783.21,35.66,6.42,1741.13,2024-01-22T09:37:00+05:30
setl_rp1hAOE8zlphlN,AXISP800785553136,pay_cYzgj63pul4RgY,payment,4630.72,92.61,16.67,4521.44,2024-01-22T09:42:15+05:30
setl_dCrz2irAaWGKvN,AXISP800785553136,pay_opcey7rgangRzv,payment,5705.29,114.11,20.54,5570.64,2024-01-22T15:12:44+05:30
setl_vDlTSARqmy0LIf,SBIN0879635262183,pay_DBiWOx9INiqwpg,payment,16532.73,49.60,8.93,16474.20,2024-01-08T15:39:12+05:30
setl_VcQHORa0YnzufK,SBIN0879635262183,pay_1wVHEAIQg3o1mz,payment,10421.18,31.26,5.63,10384.29,2024-01-08T22:36:17+05:30
setl_jezARkSS2G3K7K,SBIN0879635262183,pay_vwCRbgMbrkjTTm,payment,153.89,0.46,0.08,153.35,2024-01-08T13:56:28+05:30
setl_vHquilA0mXnNGM,ICICR588986609821,pay_nBkZBtL5XZmsVC,payment,22499.25,449.99,81.00,21968.26,2024-01-25T09:27:46+05:30
setl_JDE4ekVFWtDFCc,ICICR588986609821,pay_VCQ9ucabPbYbtU,payment,23081.36,69.24,12.46,22999.66,2024-01-25T08:00:42+05:30
setl_yZhIGaMq1l6E5F,ICICR588986609821,pay_xNfSrjxhzXF9wd,payment,11109.09,222.18,39.99,10846.92,2024-01-25T14:45:48+05:30
setl_s74bfxzrsJYF4V,ICICR588986609821,pay_dqjeRMskJPTzjp,payment,8022.03,24.07,4.33,7993.63,2024-01-25T19:06:23+05:30
setl_un20S74LFVuyCF,ICICR931160790534,pay_ZrSiLRPvrN9smn,payment,21162.19,63.49,11.43,21087.27,2024-01-10T14:49:35+05:30
setl_vbi9mYjnLjorue,ICICR931160790534,pay_alY9bgWghL5pxD,payment,22148.03,442.96,79.73,21625.34,2024-01-10T12:59:02+05:30
setl_BgMEVNinGqUcp3,ICICR931160790534,pay_H6cwbXo6A7UGfU,payment,12479.08,37.44,6.74,12434.90,2024-01-10T08:50:33+05:30
setl_LLTQ8C3sHwx7pu,ICICR931160790534,pay_vo14TGznNMhgwQ,payment,18916.57,378.33,68.10,18470.14,2024-01-10T09:18:01+05:30
setl_373hiRLvI0jKwP,HDFCR377500166264,pay_3g0YnWWAI7dMbI,payment,8305.86,149.51,26.91,8129.44,2024-01-03T14:42:17+05:30
setl_8ymflLZZb6xdOe,HDFCR377500166264,pay_xxzeZaDAPQjlGJ,payment,4071.56,81.43,14.66,3975.47,2024-01-03T18:38:04+05:30
setl_GHemmo67tSkv7g,HDFCR377500166264,pay_zkNmKBziTnrbEB,payment,13630.19,40.89,7.36,13581.94,2024-01-03T16:59:05+05:30
setl_iCXPklakfEYHlM,HDFCR377500166264,pay_03kgLagUoFPiEJ,payment,19622.26,58.87,10.60,19552.79,2024-01-03T12:33:59+05:30
setl_0lNuj9QOau96Qz,SBIN0425316553290,pay_TETLoAZ2H20kQt,payment,24163.22,72.49,13.05,24077.68,2024-01-28T10:46:04+05:30
setl_CHCY4RBwl3yymV,SBIN0425316553290,pay_6eJuyCKcKVqALr,payment,22079.39,441.59,79.49,21558.31,2024-01-28T18:11:01+05:30
setl_rHWvxp5yKmvYsN,HDFCR321230713758,pay_7dM8EGxjM4FSjZ,payment,16107.15,322.14,57.99,15727.02,2024-01-08T18:08:43+05:30
setl_x0uLUVrqatM23Z,HDFCR321230713758,pay_0WZn6H3JgzqQ4l,payment,22493.18,449.86,80.97,21962.35,2024-01-08T09:59:53+05:30
setl_G9RGILZUawoFIV,HDFCR321230713758,pay_LkmZuoXfwyfsgZ,payment,4897.82,97.96,17.63,4782.23,2024-01-08T14:10:56+05:30
setl_oOo7i22ZX1eavc,ICICR080098557410,pay_YAduVFXBBskEuu,payment,23529.32,470.59,84.71,22974.02,2024-01-28T11:40:40+05:30
setl_NMMdT2GzEmIvHV,ICICR080098557410,pay_lgs0GxK9EE09nB,payment,18004.43,360.09,64.82,17579.52,2024-01-28T14:33:45+05:30
setl_kJJMT27TXOKNoI,ICICR080098557410,pay_klvCq8IqijJcif,payment,3802.89,76.06,13.69,3713.14,2024-01-28T11:57:10+05:30
setl_RYi66GibP8iwTT,ICICR194634144087,pay_pJ3mItzENT2nYr,payment,15404.36,308.09,55.46,15040.81,2024-01-04T08:35:12+05:30
setl_1bjJWTKvbsDOTl,ICICR194634144087,pay_cVEYQCF1BQQS2P,payment,7417.31,22.25,4.01,7391.05,2024-01-04T17:52:12+05:30
setl_AuHOC2YWgVrgrW,ICICR194634144087,pay_9fQELhyNThj157,payment,356.04,7.12,1.28,347.64,2024-01-04T18:25:40+05:30
setl_eUjiDdhMDIrkMB,ICICR194634144087,pay_uaP8jrh0KRw7S0,payment,22162.39,66.49,11.97,22083.93,2024-01-04T19:05:27+05:30
setl_gIVXFcb4XIgyVf,HDFCR315159378821,pay_i1G6gt7j2NaR1c,payment,1088.70,3.27,0.59,1084.84,2024-01-13T10:27:33+05:30
setl_u9XWLjY65Z3Bjv,HDFCR315159378821,pay_GYPBjbS8RCmcCp,payment,1937.75,5.81,1.05,1930.89,2024-01-13T09:33:15+05:30
setl_5yL9NOmKQYxIsz,HDFCR315159378821,pay_Db8yAtuKUXdKPh,payment,5947.45,118.95,21.41,5807.09,2024-01-13T14:06:09+05:30
setl_66XoQUJK2WBjg8,HDFCR315159378821,pay_7EJpZVBnQFKrJh,payment,9221.59,27.66,4.98,9188.95,2024-01-13T08:46:53+05:30
setl_LA4jTy6P0PdcvS,HDFCR117096455686,pay_YeHyqHjh62GTo8,payment,21466.18,64.40,11.59,21390.19,2024-01-09T12:57:50+05:30
setl_5JpNrHa77WqyRo,HDFCR117096455686,pay_Avc3Nkr3QIuxg5,payment,3859.31,77.19,13.89,3768.23,2024-01-09T08:56:27+05:30
setl_sihgtblrbJydUE,HDFCR117096455686,pay_yj9GLebZfe9h39,payment,5915.46,106.48,19.17,5789.81,2024-01-09T22:59:47+05:30
setl_8XdhiLl0W9p53c,HDFCR117096455686,pay_hqHUNH7T1CIgeq,payment,2890.28,57.81,10.41,2822.06,2024-01-09T09:04:30+05:30
setl_wUv3JWttnWXbi1,KKBK0393446753040,pay_KUIyAp8OgJuLxa,payment,2744.89,8.23,1.48,2735.18,2024-01-15T13:16:51+05:30
setl_9a4HgK8DEImeJ2,KKBK0393446753040,pay_W0lzRdyuLodRPj,payment,17113.29,342.27,61.61,16709.41,2024-01-15T13:28:59+05:30
setl_AswOujm2g6jSBV,KKBK0393446753040,pay_qiSX0NAjgkmpT2,payment,721.26,12.98,2.34,705.94,2024-01-15T17:48:47+05:30
setl_1WTFSyDr40vkp4,ICICR808865457848,pay_3ymPNQkklZHQY3,payment,3709.57,11.13,2.00,3696.44,2024-01-21T13:16:16+05:30
setl_ixcfTLUxpq4ZOK,ICICR808865457848,pay_GY2QDMBWgNO4Tt,payment,18080.54,54.24,9.76,18016.54,2024-01-21T10:33:15+05:30
setl_xfdS3rtp6KUWrW,ICICR808865457848,pay_g89OEyY6J8GFdJ,payment,10143.64,202.87,36.52,9904.25,2024-01-21T20:54:35+05:30
setl_uyY4qMcMwImAmI,ICICR808865457848,pay_t1KZWcmVbZzlwY,payment,5948.73,17.85,3.21,5927.67,2024-01-21T14:34:46+05:30
setl_J56WwF8hEsfUEx,HDFCR341018375124,pay_WGHIGNhGQNWebX,payment,16441.27,328.83,59.19,16053.25,2024-01-27T10:50:04+05:30
setl_y53z6Cni0DlkIu,HDFCR341018375124,pay_XNifSyiqkLDFed,payment,4200.52,12.60,2.27,4185.65,2024-01-27T19:56:50+05:30
setl_icCYKQaD4ZO2Jt,SBIN0563937606335,pay_G6YlQSoiAy55Xx,payment,2599.92,7.80,1.40,2590.72,2024-01-12T19:20:44+05:30
setl_G2p2jGzqHcAmH9,SBIN0563937606335,pay_OXGzIn1vKrDhZf,payment,12440.80,37.32,6.72,12396.76,2024-01-12T12:57:19+05:30
setl_yLQiXRByQkNzM5,SBIN0276983513963,pay_to5XN0zicuBBrd,payment,12885.57,231.94,41.75,12611.88,2024-01-06T13:52:58+05:30
setl_KwboUeay7M8VaQ,SBIN0276983513963,pay_fkafiBtXJ2djzY,payment,11392.80,227.86,41.01,11123.93,2024-01-06T17:07:00+05:30
setl_W39FRh3nm0tR91,SBIN0276983513963,pay_62AFRVdHM479uM,payment,11786.43,35.36,6.36,11744.71,2024-01-06T08:00:25+05:30
setl_j3fyni5rQ75CU9,SBIN0276983513963,pay_V0uajvaE9tiyrC,payment,20734.65,62.20,11.20,20661.25,2024-01-06T16:50:34+05:30
setl_4SQJAVFnxIfKtU,KKBK0705631799906,pay_fKKAkc7oP2X2iw,payment,23872.71,477.45,85.94,23309.32,2024-01-12T19:30:10+05:30
setl_rniUGgA7wLmahM,KKBK0705631799906,pay_GRUV4DVR1e8Lj4,payment,4100.88,12.30,2.21,4086.37,2024-01-12T08:08:02+05:30
setl_QUDxL1jUGhWq0T,KKBK0705631799906,pay_rSj0iBw5Rgxm3V,payment,8868.18,159.63,28.73,8679.82,2024-01-12T21:17:04+05:30
setl_l0xAZf8pWP5T6I,KKBK0331294210817,pay_f16Aadz28z8y72,payment,6953.26,20.86,3.75,6928.65,2024-01-12T13:17:43+05:30
setl_Z0GzxSwCT4IquC,KKBK0331294210817,pay_FF2cT6KQgMzNS4,payment,6496.21,19.49,3.51,6473.21,2024-01-12T17:45:57+05:30
setl_oC8iwS9qx5r97O,KKBK0331294210817,pay_64um7BI9qxTWxY,payment,11401.26,228.03,41.05,11132.18,2024-01-12T17:12:15+05:30
setl_m715PQzvUj4CiA,KKBK0037131878144,pay_ttSdJnVo7QbHQh,payment,5029.81,15.09,2.72,5012.00,2024-01-07T18:20:26+05:30
setl_mmMvjWkSLlT1Wv,KKBK0037131878144,pay_ardZ5NwjBHb6uG,payment,8047.88,24.14,4.35,8019.39,2024-01-07T19:23:39+05:30
setl_EjgN78n7QNlf1P,KKBK0037131878144,pay_1Q4jjQYoM3Lkr0,payment,14924.38,298.49,53.73,14572.16,2024-01-07T21:40:27+05:30
setl_1p1hdyXrZaPoIs,HDFCR967722979165,pay_DuUin8nQj75FNU,payment,10982.65,219.65,39.54,10723.46,2024-01-22T09:41:35+05:30
setl_lDaipAjaMOfTft,HDFCR967722979165,pay_3eWkOFryJSOxtr,payment,13737.81,41.21,7.42,13689.18,2024-01-22T11:36:15+05:30
setl_PWNlhche0WEx9I,HDFCR967722979165,pay_MCJCc7DeA3oX9l,payment,18185.35,363.71,65.47,17756.17,2024-01-22T15:51:58+05:30
setl_tdwCawgGCPAoet,HDFCR967722979165,pay_SaAIytPAyJK52f,payment,12065.69,36.20,6.52,12022.97,2024-01-22T12:58:33+05:30
setl_9PHVG1qpga3JiQ,SBIN0423598812685,pay_rOp8U26snRWXsh,payment,16653.36,49.96,8.99,16594.41,2024-01-09T09:55:30+05:30
setl_AX5L6qwsquyfnH,SBIN0423598812685,pay_s0vrSzuXiWcasJ,payment,1968.30,5.90,1.06,1961.34,2024-01-09T13:03:56+05:30
setl_ClcmtjHXwckI6A,SBIN0423598812685,pay_lZjPi1mClzOboB,payment,8735.88,26.21,4.72,8704.95,2024-01-09T13:11:28+05:30
setl_TIqEonS6ihse8K,SBIN0423598812685,pay_UVmi9Moiiy9n2o,payment,14275.32,285.51,51.39,13938.42,2024-01-09T19:51:58+05:30
setl_KQxVrpFT6EMBVe,AXISP751014580988,pay_7PidxB2zZOHT7Z,payment,19201.32,384.03,69.13,18748.16,2024-01-23T10:06:08+05:30
setl_wrixxtYKO0lmTQ,AXISP751014580988,pay_cG7cR8IYUd48e1,payment,3695.71,11.09,2.00,3682.62,2024-01-23T21:12:12+05:30
setl_yHiLbwSjKht15z,AXISP433302307310,pay_4bFGFJuqbk1MxF,payment,12818.55,38.46,6.92,12773.17,2024-01-30T08:09:37+05:30
setl_P2SH1HH9saVguI,AXISP433302307310,pay_PKopPYOkMsVlAe,payment,13477.23,40.43,7.28,13429.52,2024-01-30T08:24:19+05:30
setl_64J11f1BZzL8rQ,AXISP433302307310,pay_ZPcyJF5BGptuTy,payment,12967.57,259.35,46.68,12661.54,2024-01-30T09:41:10+05:30
setl_kI32F3P2mYzUFN,SBIN0617400285751,pay_nAzTURdvmkuHlf,payment,23199.91,69.60,12.53,23117.78,2024-01-22T22:40:34+05:30
setl_1YpehL7h4RvKJH,SBIN0617400285751,pay_CpI7g8lPXmnLgH,payment,17031.67,51.10,9.20,16971.37,2024-01-22T11:34:44+05:30
